rank,design_id,composite_score,tier,ipsae_min,iptm,plddt,pae,interface_area,ca_rmsd,hotspot_contact_rate,shape_complementarity,binder_length,score_ipsae,score_iptm,score_plddt,score_pae,score_interface_area,score_shape_complementarity,score_hotspot_contact
1,egfr_0003,0.8503,gold,0.043,0.852,1.0,6.6,1321.0,0.54,0.45,0.874,75,0.957,0.852,1.0,0.78,0.4105,0.874,0.75
2,egfr_0007,0.8464,gold,0.107,1.0,0.907,4.3,1427.0,1.23,0.405,0.812,80,0.893,1.0,0.814,0.8567,0.4635,0.812,0.675
3,egfr_0009,0.8396,gold,0.149,1.0,0.965,5.3,1294.0,0.55,0.428,0.742,74,0.851,1.0,0.93,0.8233,0.397,0.742,0.7133
4,egfr_0012,0.8265,gold,0.074,0.868,0.94,9.0,1491.0,0.64,0.458,0.839,74,0.926,0.868,0.88,0.7,0.4955,0.839,0.7633
5,egfr_0011,0.8157,gold,0.098,0.899,0.958,6.8,1227.0,0.42,0.364,0.779,76,0.902,0.899,0.916,0.7733,0.3635,0.779,0.6067
6,egfr_0014,0.8077,gold,0.096,0.899,0.886,3.8,1283.0,0.79,0.359,0.791,78,0.904,0.899,0.772,0.8733,0.3915,0.791,0.5983
7,egfr_0001,0.8061,gold,0.113,0.891,0.936,7.9,1337.0,0.35,0.397,0.757,76,0.887,0.891,0.872,0.7367,0.4185,0.757,0.6617
8,egfr_0005,0.8035,gold,0.157,0.92,0.882,3.5,1308.0,0.95,0.447,0.801,74,0.843,0.92,0.764,0.8833,0.404,0.801,0.745
9,egfr_0008,0.7957,silver,0.107,0.867,0.909,9.6,1524.0,0.99,0.397,0.722,71,0.893,0.867,0.818,0.68,0.512,0.722,0.6617
10,egfr_0004,0.7941,silver,0.159,0.929,0.917,7.9,1347.0,0.89,0.355,0.777,76,0.841,0.929,0.834,0.7367,0.4235,0.777,0.5917
11,egfr_0013,0.7932,silver,0.125,0.855,0.934,7.6,1510.0,0.81,0.355,0.639,72,0.875,0.855,0.868,0.7467,0.505,0.639,0.5917
12,egfr_0006,0.7881,silver,0.218,0.891,0.966,5.0,1169.0,0.96,0.404,0.81,80,0.782,0.891,0.932,0.8333,0.3345,0.81,0.6733
13,egfr_0002,0.788,silver,0.142,0.904,0.946,9.2,1203.0,0.62,0.364,0.72,77,0.858,0.904,0.892,0.6933,0.3515,0.72,0.6067
14,egfr_0010,0.7869,silver,0.173,0.964,0.876,5.7,1231.0,0.97,0.269,0.901,72,0.827,0.964,0.752,0.81,0.3655,0.901,0.4483
15,egfr_0015,0.7699,silver,0.179,0.867,0.921,6.6,1161.0,1.46,0.393,0.735,73,0.821,0.867,0.842,0.78,0.3305,0.735,0.655
16,egfr_0036,0.7511,silver,0.143,0.907,0.891,9.4,1055.0,1.55,0.277,0.61,93,0.857,0.907,0.782,0.6867,0.2775,0.61,0.4617
17,egfr_0052,0.7394,silver,0.192,0.83,0.908,7.8,1152.0,0.63,0.285,0.735,92,0.808,0.83,0.816,0.74,0.326,0.735,0.475
18,egfr_0026,0.7394,silver,0.233,0.853,0.941,10.7,1230.0,1.3,0.354,0.668,93,0.767,0.853,0.882,0.6433,0.365,0.668,0.59
19,egfr_0045,0.7372,silver,0.256,0.857,0.936,8.4,1263.0,0.96,0.28,0.71,85,0.744,0.857,0.872,0.72,0.3815,0.71,0.4667
20,egfr_0043,0.7322,silver,0.13,0.809,0.843,5.1,1145.0,1.0,0.189,0.701,90,0.87,0.809,0.686,0.83,0.3225,0.701,0.315
21,egfr_0019,0.7319,silver,0.224,0.855,0.931,10.7,1179.0,1.85,0.312,0.635,88,0.776,0.855,0.862,0.6433,0.3395,0.635,0.52
22,egfr_0048,0.7317,silver,0.229,0.832,0.935,9.2,1163.0,0.87,0.349,0.607,91,0.771,0.832,0.87,0.6933,0.3315,0.607,0.5817
23,egfr_0025,0.7297,silver,0.212,0.907,0.84,10.1,1466.0,0.94,0.225,0.623,87,0.788,0.907,0.68,0.6633,0.483,0.623,0.375
24,egfr_0046,0.728,silver,0.209,0.852,0.892,6.8,1103.0,1.49,0.273,0.597,87,0.791,0.852,0.784,0.7733,0.3015,0.597,0.455
25,egfr_0049,0.7279,silver,0.183,0.821,0.878,9.3,1151.0,0.69,0.341,0.683,87,0.817,0.821,0.756,0.69,0.3255,0.683,0.5683
26,egfr_0033,0.7266,silver,0.24,0.888,0.876,11.8,1310.0,0.87,0.344,0.679,89,0.76,0.888,0.752,0.6067,0.405,0.679,0.5733
27,egfr_0029,0.7248,silver,0.224,0.87,0.864,8.0,1083.0,1.66,0.35,0.674,94,0.776,0.87,0.728,0.7333,0.2915,0.674,0.5833
28,egfr_0054,0.7248,silver,0.199,0.839,0.889,11.5,1096.0,1.49,0.387,0.686,91,0.801,0.839,0.778,0.6167,0.298,0.686,0.645
29,egfr_0047,0.7215,silver,0.198,0.786,0.851,7.1,1355.0,1.61,0.304,0.693,88,0.802,0.786,0.702,0.7633,0.4275,0.693,0.5067
30,egfr_0020,0.7205,silver,0.21,0.877,0.818,8.7,1247.0,0.94,0.302,0.707,91,0.79,0.877,0.636,0.71,0.3735,0.707,0.5033
31,egfr_0041,0.7196,silver,0.214,0.83,0.902,8.4,899.0,0.78,0.365,0.666,90,0.786,0.83,0.804,0.72,0.1995,0.666,0.6083
32,egfr_0028,0.7195,silver,0.222,0.887,0.849,8.1,1045.0,1.02,0.331,0.637,90,0.778,0.887,0.698,0.73,0.2725,0.637,0.5517
33,egfr_0023,0.7191,silver,0.22,0.933,0.806,10.9,1119.0,1.17,0.395,0.65,86,0.78,0.933,0.612,0.6367,0.3095,0.65,0.6583
34,egfr_0035,0.7182,silver,0.312,0.867,0.921,8.1,1217.0,0.86,0.316,0.671,89,0.688,0.867,0.842,0.73,0.3585,0.671,0.5267
35,egfr_0027,0.7167,silver,0.29,0.926,0.902,10.1,1026.0,0.95,0.302,0.675,94,0.71,0.926,0.804,0.6633,0.263,0.675,0.5033
36,egfr_0044,0.7156,silver,0.167,0.768,0.941,12.5,1002.0,1.18,0.264,0.719,93,0.833,0.768,0.882,0.5833,0.251,0.719,0.44
37,egfr_0053,0.7154,silver,0.192,0.791,0.909,10.3,1138.0,1.46,0.274,0.643,88,0.808,0.791,0.818,0.6567,0.319,0.643,0.4567
38,egfr_0030,0.7134,silver,0.239,0.82,0.887,11.0,1338.0,0.95,0.335,0.617,87,0.761,0.82,0.774,0.6333,0.419,0.617,0.5583
39,egfr_0039,0.7112,silver,0.21,0.829,0.854,9.7,1231.0,1.06,0.343,0.559,88,0.79,0.829,0.708,0.6767,0.3655,0.559,0.5717
40,egfr_0018,0.7093,silver,0.16,0.864,0.82,12.6,1078.0,1.27,0.309,0.654,93,0.84,0.864,0.64,0.58,0.289,0.654,0.515
41,egfr_0034,0.7088,silver,0.263,0.832,0.956,13.6,1207.0,1.48,0.282,0.588,86,0.737,0.832,0.912,0.5467,0.3535,0.588,0.47
42,egfr_0022,0.7063,silver,0.295,0.85,0.886,8.6,1194.0,1.55,0.32,0.675,92,0.705,0.85,0.772,0.7133,0.347,0.675,0.5333
43,egfr_0037,0.7048,silver,0.258,0.786,0.863,8.7,1331.0,0.94,0.39,0.636,91,0.742,0.786,0.726,0.71,0.4155,0.636,0.65
44,egfr_0051,0.7043,silver,0.287,0.815,0.96,8.2,1029.0,0.89,0.206,0.647,93,0.713,0.815,0.92,0.7267,0.2645,0.647,0.3433
45,egfr_0031,0.7024,silver,0.162,0.844,0.843,14.9,1193.0,0.86,0.269,0.595,95,0.838,0.844,0.686,0.5033,0.3465,0.595,0.4483
46,egfr_0448,0.6979,silver,0.215,0.832,0.878,9.6,1072.0,0.89,0.169,0.606,84,0.785,0.832,0.756,0.68,0.286,0.606,0.2817
47,egfr_0042,0.6949,silver,0.214,0.777,0.842,8.0,1052.0,1.46,0.298,0.729,85,0.786,0.777,0.684,0.7333,0.276,0.729,0.4967
48,egfr_0055,0.6946,silver,0.275,0.783,0.854,5.8,1160.0,0.91,0.347,0.652,91,0.725,0.783,0.708,0.8067,0.33,0.652,0.5783
49,egfr_0017,0.6935,silver,0.248,0.81,0.826,9.0,1374.0,1.05,0.303,0.574,89,0.752,0.81,0.652,0.7,0.437,0.574,0.505
50,egfr_0441,0.6909,silver,0.212,0.797,0.913,12.4,1180.0,0.77,0.073,0.653,88,0.788,0.797,0.826,0.5867,0.34,0.653,0.1217
51,egfr_0032,0.6868,silver,0.302,0.882,0.872,13.7,1147.0,1.03,0.293,0.684,90,0.698,0.882,0.744,0.5433,0.3235,0.684,0.4883
52,egfr_0418,0.6837,silver,0.254,0.798,0.888,7.0,1089.0,0.91,0.062,0.655,90,0.746,0.798,0.776,0.7667,0.2945,0.655,0.1033
53,egfr_0024,0.6806,silver,0.307,0.777,0.903,11.5,1173.0,1.5,0.346,0.668,91,0.693,0.777,0.806,0.6167,0.3365,0.668,0.5767
54,egfr_0021,0.6799,silver,0.228,0.841,0.842,10.4,992.0,1.3,0.233,0.522,86,0.772,0.841,0.684,0.6533,0.246,0.522,0.3883
55,egfr_0444,0.6794,silver,0.241,0.74,0.915,10.0,1115.0,0.72,0.114,0.705,84,0.759,0.74,0.83,0.6667,0.3075,0.705,0.19
56,egfr_0040,0.6792,silver,0.252,0.825,0.842,13.0,1229.0,1.15,0.268,0.611,93,0.748,0.825,0.684,0.5667,0.3645,0.611,0.4467
57,egfr_0425,0.6791,silver,0.277,0.787,0.871,7.5,1286.0,0.99,0.107,0.619,90,0.723,0.787,0.742,0.75,0.393,0.619,0.1783
58,egfr_0016,0.6788,silver,0.307,0.736,0.92,10.7,1303.0,1.41,0.303,0.624,92,0.693,0.736,0.84,0.6433,0.4015,0.624,0.505
59,egfr_0436,0.6785,silver,0.272,0.838,0.9,9.0,977.0,1.23,0.07,0.618,83,0.728,0.838,0.8,0.7,0.2385,0.618,0.1167
60,egfr_0435,0.6769,silver,0.215,0.847,0.822,9.2,1107.0,1.02,0.049,0.585,81,0.785,0.847,0.644,0.6933,0.3035,0.585,0.0817
61,egfr_0050,0.6757,silver,0.246,0.747,0.83,10.1,1194.0,1.12,0.337,0.692,93,0.754,0.747,0.66,0.6633,0.347,0.692,0.5617
62,egfr_0450,0.6754,silver,0.299,0.894,0.877,12.0,1138.0,0.75,0.128,0.519,80,0.701,0.894,0.754,0.6,0.319,0.519,0.2133
63,egfr_0440,0.6754,silver,0.337,0.813,0.906,5.3,1142.0,1.23,0.118,0.543,90,0.663,0.813,0.812,0.8233,0.321,0.543,0.1967
64,egfr_0428,0.6751,silver,0.279,0.83,0.863,10.7,1320.0,1.45,0.109,0.559,90,0.721,0.83,0.726,0.6433,0.41,0.559,0.1817
65,egfr_0419,0.6731,silver,0.276,0.819,0.9,10.1,973.0,0.64,0.164,0.551,90,0.724,0.819,0.8,0.6633,0.2365,0.551,0.2733
66,egfr_0416,0.6728,silver,0.337,0.774,0.895,4.4,1077.0,0.85,0.181,0.653,83,0.663,0.774,0.79,0.8533,0.2885,0.653,0.3017
67,egfr_0424,0.6698,silver,0.213,0.749,0.897,12.1,1024.0,1.16,0.155,0.571,85,0.787,0.749,0.794,0.5967,0.262,0.571,0.2583
68,egfr_0438,0.6685,silver,0.239,0.775,0.866,10.7,1231.0,1.28,0.055,0.624,82,0.761,0.775,0.732,0.6433,0.3655,0.624,0.0917
69,egfr_0414,0.6675,silver,0.231,0.741,0.853,6.7,978.0,0.85,0.174,0.592,90,0.769,0.741,0.706,0.7767,0.239,0.592,0.29
70,egfr_0445,0.6662,silver,0.339,0.804,0.902,11.0,1174.0,1.01,0.238,0.588,90,0.661,0.804,0.804,0.6333,0.337,0.588,0.3967
71,egfr_0038,0.6657,silver,0.301,0.833,0.834,13.5,1214.0,0.63,0.315,0.613,86,0.699,0.833,0.668,0.55,0.357,0.613,0.525
72,egfr_0421,0.6645,silver,0.32,0.758,0.933,9.2,1121.0,1.06,0.093,0.659,82,0.68,0.758,0.866,0.6933,0.3105,0.659,0.155
73,egfr_0473,0.6612,silver,0.287,0.797,0.873,8.3,1030.0,1.01,0.181,0.445,101,0.713,0.797,0.746,0.7233,0.265,0.445,0.3017
74,egfr_0443,0.6607,silver,0.318,0.769,0.917,10.3,1230.0,1.08,0.045,0.657,80,0.682,0.769,0.834,0.6567,0.365,0.657,0.075
75,egfr_0434,0.6585,silver,0.32,0.789,0.869,6.4,1149.0,0.8,0.072,0.589,90,0.68,0.789,0.738,0.7867,0.3245,0.589,0.12
76,egfr_0442,0.6581,silver,0.356,0.805,0.898,10.8,1197.0,0.44,0.127,0.697,90,0.644,0.805,0.796,0.64,0.3485,0.697,0.2117
77,egfr_0426,0.6574,silver,0.279,0.791,0.814,6.5,1101.0,1.09,0.137,0.588,81,0.721,0.791,0.628,0.7833,0.3005,0.588,0.2283
78,egfr_0417,0.6558,silver,0.3,0.747,0.877,9.1,1211.0,0.64,0.154,0.558,88,0.7,0.747,0.754,0.6967,0.3555,0.558,0.2567
79,egfr_0446,0.6553,silver,0.33,0.812,0.846,10.4,1239.0,0.86,0.18,0.604,87,0.67,0.812,0.692,0.6533,0.3695,0.604,0.3
80,egfr_0427,0.6527,silver,0.253,0.801,0.852,14.3,1142.0,0.74,0.118,0.569,80,0.747,0.801,0.704,0.5233,0.321,0.569,0.1967
81,egfr_0431,0.6499,bronze,0.239,0.737,0.874,11.5,992.0,1.27,0.092,0.624,90,0.761,0.737,0.748,0.6167,0.246,0.624,0.1533
82,egfr_0500,0.6489,bronze,0.294,0.761,0.856,10.4,937.0,1.04,0.289,0.576,101,0.706,0.761,0.712,0.6533,0.2185,0.576,0.4817
83,egfr_0432,0.6485,bronze,0.304,0.764,0.867,9.3,1099.0,0.91,0.127,0.582,88,0.696,0.764,0.734,0.69,0.2995,0.582,0.2117
84,egfr_0437,0.6467,bronze,0.272,0.734,0.915,12.0,1070.0,0.96,0.101,0.468,88,0.728,0.734,0.83,0.6,0.285,0.468,0.1683
85,egfr_0430,0.6464,bronze,0.228,0.666,0.87,8.8,1013.0,1.07,0.114,0.629,84,0.772,0.666,0.74,0.7067,0.2565,0.629,0.19
86,egfr_0439,0.6432,bronze,0.283,0.728,0.867,10.7,1140.0,1.32,0.065,0.685,89,0.717,0.728,0.734,0.6433,0.32,0.685,0.1083
87,egfr_0429,0.6417,bronze,0.368,0.79,0.882,6.0,1058.0,1.06,0.024,0.602,86,0.632,0.79,0.764,0.8,0.279,0.602,0.04
88,egfr_0447,0.6416,bronze,0.313,0.755,0.872,8.6,1093.0,1.22,0.07,0.567,85,0.687,0.755,0.744,0.7133,0.2965,0.567,0.1167
89,egfr_0103,0.6416,bronze,0.309,0.731,0.908,13.0,1027.0,1.88,0.204,0.582,104,0.691,0.731,0.816,0.5667,0.2635,0.582,0.34
90,egfr_0420,0.6408,bronze,0.28,0.691,0.872,7.5,962.0,0.69,0.141,0.611,82,0.72,0.691,0.744,0.75,0.231,0.611,0.235
91,egfr_0066,0.6387,bronze,0.275,0.752,0.861,12.7,994.0,1.35,0.177,0.556,109,0.725,0.752,0.722,0.5767,0.247,0.556,0.295
92,egfr_0091,0.6365,bronze,0.303,0.704,0.872,11.9,1095.0,1.29,0.215,0.637,106,0.697,0.704,0.744,0.6033,0.2975,0.637,0.3583
93,egfr_0422,0.6353,bronze,0.267,0.741,0.839,12.8,1133.0,1.14,0.093,0.635,90,0.733,0.741,0.678,0.5733,0.3165,0.635,0.155
94,egfr_0433,0.6335,bronze,0.369,0.814,0.865,10.8,1110.0,0.68,0.042,0.665,87,0.631,0.814,0.73,0.64,0.305,0.665,0.07
95,egfr_0109,0.6328,bronze,0.433,0.821,0.871,10.5,1209.0,1.6,0.246,0.505,106,0.567,0.821,0.742,0.65,0.3545,0.505,0.41
96,egfr_0119,0.631,bronze,0.295,0.789,0.824,12.8,945.0,1.86,0.208,0.562,101,0.705,0.789,0.648,0.5733,0.2225,0.562,0.3467
97,egfr_0413,0.6309,bronze,0.321,0.827,0.861,11.8,968.0,0.25,0.026,0.518,88,0.679,0.827,0.722,0.6067,0.234,0.518,0.0433
98,egfr_0075,0.6305,bronze,0.28,0.829,0.829,17.0,978.0,1.77,0.164,0.553,110,0.72,0.829,0.658,0.4333,0.239,0.553,0.2733
99,egfr_0097,0.63,bronze,0.309,0.785,0.784,9.8,1069.0,1.22,0.198,0.58,107,0.691,0.785,0.568,0.6733,0.2845,0.58,0.33
100,egfr_0067,0.63,bronze,0.339,0.817,0.838,12.3,1005.0,1.55,0.163,0.565,106,0.661,0.817,0.676,0.59,0.2525,0.565,0.2717
101,egfr_0423,0.6298,bronze,0.245,0.711,0.818,10.2,990.0,1.41,0.085,0.652,82,0.755,0.711,0.636,0.66,0.245,0.652,0.1417
102,egfr_0411,0.6276,bronze,0.41,0.746,0.872,8.4,1359.0,0.82,0.074,0.628,86,0.59,0.746,0.744,0.72,0.4295,0.628,0.1233
103,egfr_0392,0.6269,bronze,0.247,0.717,0.859,13.1,759.0,0.74,0.248,0.482,63,0.753,0.717,0.718,0.5633,0.1295,0.482,0.4133
104,egfr_0412,0.6263,bronze,0.217,0.697,0.793,9.7,1017.0,0.92,0.095,0.557,83,0.783,0.697,0.586,0.6767,0.2585,0.557,0.1583
105,egfr_0080,0.6258,bronze,0.354,0.759,0.844,10.4,972.0,1.51,0.257,0.574,102,0.646,0.759,0.688,0.6533,0.236,0.574,0.4283
106,egfr_0128,0.6254,bronze,0.293,0.783,0.765,11.4,1103.0,1.03,0.259,0.487,110,0.707,0.783,0.53,0.62,0.3015,0.487,0.4317
107,egfr_0474,0.625,bronze,0.241,0.647,0.845,7.9,793.0,1.49,0.24,0.474,96,0.759,0.647,0.69,0.7367,0.1465,0.474,0.4
108,egfr_0125,0.6248,bronze,0.33,0.74,0.843,12.7,972.0,1.58,0.297,0.597,102,0.67,0.74,0.686,0.5767,0.236,0.597,0.495
109,egfr_0092,0.6236,bronze,0.303,0.794,0.83,13.1,921.0,1.13,0.166,0.515,102,0.697,0.794,0.66,0.5633,0.2105,0.515,0.2767
110,egfr_0386,0.6228,bronze,0.329,0.73,0.867,9.7,654.0,1.25,0.294,0.58,53,0.671,0.73,0.734,0.6767,0.077,0.58,0.49
111,egfr_0393,0.6211,bronze,0.349,0.756,0.916,14.4,867.0,1.47,0.204,0.494,58,0.651,0.756,0.832,0.52,0.1835,0.494,0.34
112,egfr_0057,0.6207,bronze,0.301,0.724,0.795,9.9,919.0,1.13,0.353,0.482,108,0.699,0.724,0.59,0.67,0.2095,0.482,0.5883
113,egfr_0120,0.6197,bronze,0.264,0.733,0.811,12.9,709.0,1.68,0.314,0.574,110,0.736,0.733,0.622,0.57,0.1045,0.574,0.5233
114,egfr_0098,0.6184,bronze,0.359,0.71,0.881,14.2,1254.0,1.21,0.229,0.497,101,0.641,0.71,0.762,0.5267,0.377,0.497,0.3817
115,egfr_0106,0.6183,bronze,0.339,0.695,0.876,14.6,1121.0,1.83,0.277,0.56,102,0.661,0.695,0.752,0.5133,0.3105,0.56,0.4617
116,egfr_0486,0.6174,bronze,0.346,0.733,0.918,12.9,741.0,1.35,0.259,0.439,103,0.654,0.733,0.836,0.57,0.1205,0.439,0.4317
117,egfr_0462,0.616,bronze,0.298,0.668,0.898,13.1,867.0,1.16,0.231,0.502,105,0.702,0.668,0.796,0.5633,0.1835,0.502,0.385
118,egfr_0071,0.6159,bronze,0.276,0.757,0.8,15.7,940.0,1.93,0.254,0.572,101,0.724,0.757,0.6,0.4767,0.22,0.572,0.4233
119,egfr_0369,0.6155,bronze,0.363,0.785,0.886,10.7,697.0,1.55,0.151,0.511,62,0.637,0.785,0.772,0.6433,0.0985,0.511,0.2517
120,egfr_0449,0.6152,bronze,0.32,0.726,0.846,9.7,1046.0,0.76,0.046,0.542,88,0.68,0.726,0.692,0.6767,0.273,0.542,0.0767
121,egfr_0395,0.6144,bronze,0.373,0.729,0.902,9.6,574.0,0.87,0.279,0.57,53,0.627,0.729,0.804,0.68,0.037,0.57,0.465
122,egfr_0062,0.6143,bronze,0.384,0.779,0.83,12.0,1059.0,1.0,0.239,0.557,104,0.616,0.779,0.66,0.6,0.2795,0.557,0.3983
123,egfr_0087,0.6135,bronze,0.351,0.718,0.86,11.4,1064.0,1.82,0.188,0.509,107,0.649,0.718,0.72,0.62,0.282,0.509,0.3133
124,egfr_0096,0.613,bronze,0.439,0.784,0.852,13.1,1132.0,1.12,0.308,0.59,104,0.561,0.784,0.704,0.5633,0.316,0.59,0.5133
125,egfr_0457,0.613,bronze,0.346,0.701,0.87,11.2,850.0,1.48,0.297,0.512,104,0.654,0.701,0.74,0.6267,0.175,0.512,0.495
126,egfr_0084,0.6125,bronze,0.275,0.681,0.852,15.2,875.0,1.79,0.283,0.549,107,0.725,0.681,0.704,0.4933,0.1875,0.549,0.4717
127,egfr_0475,0.6123,bronze,0.318,0.729,0.847,11.6,846.0,0.89,0.21,0.504,103,0.682,0.729,0.694,0.6133,0.173,0.504,0.35
128,egfr_0456,0.6109,bronze,0.277,0.638,0.87,15.6,1019.0,1.21,0.294,0.5,97,0.723,0.638,0.74,0.48,0.2595,0.5,0.49
129,egfr_0477,0.6108,bronze,0.306,0.712,0.817,12.4,894.0,0.71,0.28,0.556,98,0.694,0.712,0.634,0.5867,0.197,0.556,0.4667
130,egfr_0129,0.6106,bronze,0.286,0.696,0.796,10.4,1029.0,1.74,0.239,0.438,105,0.714,0.696,0.592,0.6533,0.2645,0.438,0.3983
131,egfr_0415,0.6103,bronze,0.299,0.664,0.853,13.8,1144.0,0.66,0.128,0.624,90,0.701,0.664,0.706,0.54,0.322,0.624,0.2133
132,egfr_0121,0.6099,bronze,0.295,0.713,0.844,12.8,850.0,1.74,0.207,0.497,107,0.705,0.713,0.688,0.5733,0.175,0.497,0.345
133,egfr_0077,0.6085,bronze,0.359,0.78,0.789,13.7,1144.0,1.0,0.206,0.615,109,0.641,0.78,0.578,0.5433,0.322,0.615,0.3433
134,egfr_0124,0.6081,bronze,0.255,0.765,0.766,14.9,820.0,1.99,0.213,0.59,104,0.745,0.765,0.532,0.5033,0.16,0.59,0.355
135,egfr_0069,0.6081,bronze,0.293,0.699,0.841,14.4,844.0,1.91,0.233,0.607,107,0.707,0.699,0.682,0.52,0.172,0.607,0.3883
136,egfr_0068,0.608,bronze,0.32,0.77,0.809,15.1,903.0,1.88,0.218,0.616,104,0.68,0.77,0.618,0.4967,0.2015,0.616,0.3633
137,egfr_0100,0.6078,bronze,0.33,0.74,0.779,12.5,966.0,1.52,0.319,0.598,109,0.67,0.74,0.558,0.5833,0.233,0.598,0.5317
138,egfr_0107,0.6076,bronze,0.385,0.742,0.83,11.8,1034.0,1.98,0.291,0.539,104,0.615,0.742,0.66,0.6067,0.267,0.539,0.485
139,egfr_0472,0.6075,bronze,0.339,0.807,0.801,13.6,962.0,1.41,0.186,0.477,103,0.661,0.807,0.602,0.5467,0.231,0.477,0.31
140,egfr_0094,0.6074,bronze,0.317,0.704,0.832,12.4,945.0,1.23,0.249,0.504,110,0.683,0.704,0.664,0.5867,0.2225,0.504,0.415
141,egfr_0074,0.6073,bronze,0.277,0.695,0.887,15.9,747.0,1.73,0.18,0.525,107,0.723,0.695,0.774,0.47,0.1235,0.525,0.3
142,egfr_0451,0.6072,bronze,0.293,0.68,0.848,13.7,857.0,1.24,0.268,0.524,96,0.707,0.68,0.696,0.5433,0.1785,0.524,0.4467
143,egfr_0378,0.6071,bronze,0.279,0.68,0.835,13.6,865.0,1.5,0.242,0.545,59,0.721,0.68,0.67,0.5467,0.1825,0.545,0.4033
144,egfr_0377,0.6067,bronze,0.377,0.722,0.887,10.7,768.0,1.0,0.238,0.513,56,0.623,0.722,0.774,0.6433,0.134,0.513,0.3967
145,egfr_0078,0.6055,bronze,0.372,0.714,0.834,10.2,946.0,1.82,0.234,0.613,102,0.628,0.714,0.668,0.66,0.223,0.613,0.39
146,egfr_0083,0.605,bronze,0.341,0.713,0.838,16.0,1035.0,1.39,0.314,0.561,104,0.659,0.713,0.676,0.4667,0.2675,0.561,0.5233
147,egfr_0090,0.6047,bronze,0.333,0.697,0.86,12.3,921.0,1.4,0.174,0.556,107,0.667,0.697,0.72,0.59,0.2105,0.556,0.29
148,egfr_0061,0.6044,bronze,0.353,0.73,0.842,13.8,888.0,1.36,0.246,0.626,105,0.647,0.73,0.684,0.54,0.194,0.626,0.41
149,egfr_0113,0.6027,bronze,0.386,0.761,0.798,10.1,1048.0,1.6,0.229,0.521,106,0.614,0.761,0.596,0.6633,0.274,0.521,0.3817
150,egfr_0073,0.6024,bronze,0.345,0.743,0.84,14.3,957.0,1.75,0.191,0.541,100,0.655,0.743,0.68,0.5233,0.2285,0.541,0.3183
151,egfr_0455,0.6022,bronze,0.334,0.747,0.795,13.4,920.0,1.7,0.291,0.532,97,0.666,0.747,0.59,0.5533,0.21,0.532,0.485
152,egfr_0400,0.602,bronze,0.308,0.743,0.749,10.4,815.0,1.44,0.274,0.601,60,0.692,0.743,0.498,0.6533,0.1575,0.601,0.4567
153,egfr_0489,0.6016,bronze,0.341,0.742,0.825,12.0,918.0,1.12,0.223,0.429,102,0.659,0.742,0.65,0.6,0.209,0.429,0.3717
154,egfr_0108,0.6015,bronze,0.369,0.686,0.851,11.0,1008.0,1.23,0.217,0.571,101,0.631,0.686,0.702,0.6333,0.254,0.571,0.3617
155,egfr_0126,0.6014,bronze,0.288,0.697,0.797,12.3,1017.0,1.89,0.188,0.478,100,0.712,0.697,0.594,0.59,0.2585,0.478,0.3133
156,egfr_0117,0.6009,bronze,0.358,0.687,0.854,10.8,793.0,1.42,0.239,0.636,109,0.642,0.687,0.708,0.64,0.1465,0.636,0.3983
157,egfr_0123,0.6008,bronze,0.296,0.71,0.816,12.4,892.0,1.14,0.18,0.48,103,0.704,0.71,0.632,0.5867,0.196,0.48,0.3
158,egfr_0468,0.6003,bronze,0.297,0.646,0.853,12.8,909.0,1.22,0.243,0.48,105,0.703,0.646,0.706,0.5733,0.2045,0.48,0.405
159,egfr_0397,0.6001,bronze,0.304,0.616,0.907,10.3,769.0,1.08,0.116,0.528,60,0.696,0.616,0.814,0.6567,0.1345,0.528,0.1933
160,egfr_0470,0.5997,bronze,0.32,0.681,0.915,18.7,917.0,1.12,0.197,0.521,103,0.68,0.681,0.83,0.3767,0.2085,0.521,0.3283
161,egfr_0458,0.5985,bronze,0.237,0.62,0.774,12.3,1022.0,1.64,0.301,0.444,95,0.763,0.62,0.548,0.59,0.261,0.444,0.5017
162,egfr_0484,0.5985,bronze,0.305,0.634,0.86,11.7,923.0,1.54,0.218,0.463,96,0.695,0.634,0.72,0.61,0.2115,0.463,0.3633
163,egfr_0372,0.598,bronze,0.43,0.749,0.918,10.4,724.0,0.92,0.18,0.456,53,0.57,0.749,0.836,0.6533,0.112,0.456,0.3
164,egfr_0374,0.5978,bronze,0.336,0.746,0.838,9.9,445.0,1.41,0.193,0.553,55,0.664,0.746,0.676,0.67,0.0,0.553,0.3217
165,egfr_0491,0.5971,bronze,0.281,0.647,0.854,12.6,852.0,1.62,0.205,0.415,104,0.719,0.647,0.708,0.58,0.176,0.415,0.3417
166,egfr_0115,0.5962,bronze,0.364,0.702,0.81,10.7,1043.0,1.66,0.204,0.569,101,0.636,0.702,0.62,0.6433,0.2715,0.569,0.34
167,egfr_0487,0.5957,bronze,0.33,0.668,0.859,13.7,916.0,1.62,0.262,0.461,100,0.67,0.668,0.718,0.5433,0.208,0.461,0.4367
168,egfr_0093,0.5954,bronze,0.296,0.739,0.796,15.9,783.0,2.19,0.326,0.447,103,0.704,0.739,0.592,0.47,0.1415,0.447,0.5433
169,egfr_0384,0.5948,bronze,0.327,0.672,0.852,11.5,796.0,1.29,0.22,0.49,59,0.673,0.672,0.704,0.6167,0.148,0.49,0.3667
170,egfr_0070,0.5924,bronze,0.341,0.723,0.819,15.0,956.0,2.14,0.187,0.597,105,0.659,0.723,0.638,0.5,0.228,0.597,0.3117
171,egfr_0488,0.5905,bronze,0.317,0.727,0.772,11.7,843.0,1.66,0.205,0.541,104,0.683,0.727,0.544,0.61,0.1715,0.541,0.3417
172,egfr_0095,0.5898,bronze,0.369,0.65,0.89,17.2,1132.0,2.25,0.219,0.57,107,0.631,0.65,0.78,0.4267,0.316,0.57,0.365
173,egfr_0122,0.5898,bronze,0.368,0.729,0.819,12.5,928.0,2.12,0.188,0.537,109,0.632,0.729,0.638,0.5833,0.214,0.537,0.3133
174,egfr_0059,0.5884,bronze,0.324,0.769,0.787,16.5,907.0,2.43,0.146,0.595,107,0.676,0.769,0.574,0.45,0.2035,0.595,0.2433
175,egfr_0082,0.5882,bronze,0.308,0.728,0.804,13.9,846.0,1.62,0.144,0.489,105,0.692,0.728,0.608,0.5367,0.173,0.489,0.24
176,egfr_0385,0.5879,bronze,0.415,0.684,0.887,12.4,797.0,1.35,0.276,0.575,53,0.585,0.684,0.774,0.5867,0.1485,0.575,0.46
177,egfr_0471,0.5879,bronze,0.398,0.688,0.884,11.8,881.0,1.02,0.21,0.457,99,0.602,0.688,0.768,0.6067,0.1905,0.457,0.35
178,egfr_0114,0.5874,bronze,0.297,0.642,0.759,9.9,922.0,2.15,0.241,0.603,103,0.703,0.642,0.518,0.67,0.211,0.603,0.4017
179,egfr_0483,0.5873,bronze,0.341,0.655,0.837,14.6,989.0,1.33,0.271,0.528,101,0.659,0.655,0.674,0.5133,0.2445,0.528,0.4517
180,egfr_0104,0.5872,bronze,0.443,0.733,0.826,13.2,1065.0,1.31,0.338,0.532,107,0.557,0.733,0.652,0.56,0.2825,0.532,0.5633
181,egfr_0493,0.5867,bronze,0.336,0.66,0.843,14.5,894.0,0.9,0.262,0.529,96,0.664,0.66,0.686,0.5167,0.197,0.529,0.4367
182,egfr_0063,0.5867,bronze,0.253,0.67,0.762,16.4,993.0,2.08,0.248,0.517,104,0.747,0.67,0.524,0.4533,0.2465,0.517,0.4133
183,egfr_0076,0.5866,bronze,0.377,0.729,0.799,12.3,1000.0,1.69,0.236,0.482,109,0.623,0.729,0.598,0.59,0.25,0.482,0.3933
184,egfr_0371,0.5864,bronze,0.335,0.685,0.854,14.2,655.0,1.73,0.289,0.499,56,0.665,0.685,0.708,0.5267,0.0775,0.499,0.4817
185,egfr_0453,0.5863,bronze,0.335,0.682,0.819,12.5,881.0,1.34,0.235,0.473,99,0.665,0.682,0.638,0.5833,0.1905,0.473,0.3917
186,egfr_0366,0.5843,bronze,0.34,0.656,0.904,16.1,679.0,0.84,0.209,0.568,55,0.66,0.656,0.808,0.4633,0.0895,0.568,0.3483
187,egfr_0064,0.5841,bronze,0.39,0.665,0.913,17.0,969.0,1.43,0.187,0.571,108,0.61,0.665,0.826,0.4333,0.2345,0.571,0.3117
188,egfr_0403,0.5836,bronze,0.431,0.686,0.909,13.1,761.0,0.83,0.289,0.504,61,0.569,0.686,0.818,0.5633,0.1305,0.504,0.4817
189,egfr_0498,0.5834,bronze,0.292,0.647,0.811,15.0,936.0,1.09,0.224,0.509,99,0.708,0.647,0.622,0.5,0.218,0.509,0.3733
190,egfr_0390,0.5827,bronze,0.376,0.694,0.833,12.5,762.0,1.19,0.295,0.521,54,0.624,0.694,0.666,0.5833,0.131,0.521,0.4917
191,egfr_0058,0.5823,bronze,0.399,0.728,0.821,12.8,916.0,1.57,0.214,0.554,106,0.601,0.728,0.642,0.5733,0.208,0.554,0.3567
192,egfr_0099,0.5819,bronze,0.355,0.642,0.849,13.7,943.0,1.77,0.222,0.565,105,0.645,0.642,0.698,0.5433,0.2215,0.565,0.37
193,egfr_0060,0.5818,bronze,0.412,0.728,0.867,13.0,848.0,1.28,0.182,0.482,103,0.588,0.728,0.734,0.5667,0.174,0.482,0.3033
194,egfr_0065,0.5814,bronze,0.345,0.714,0.789,14.1,863.0,1.82,0.273,0.515,102,0.655,0.714,0.578,0.53,0.1815,0.515,0.455
195,egfr_0380,0.5813,bronze,0.373,0.696,0.834,12.9,699.0,0.91,0.268,0.594,54,0.627,0.696,0.668,0.57,0.0995,0.594,0.4467
196,egfr_0404,0.581,bronze,0.313,0.652,0.825,13.0,764.0,0.81,0.245,0.483,62,0.687,0.652,0.65,0.5667,0.132,0.483,0.4083
197,egfr_0467,0.5799,bronze,0.368,0.656,0.866,13.6,924.0,1.44,0.142,0.576,104,0.632,0.656,0.732,0.5467,0.212,0.576,0.2367
198,egfr_0461,0.5797,bronze,0.331,0.571,0.887,14.4,826.0,1.34,0.332,0.483,95,0.669,0.571,0.774,0.52,0.163,0.483,0.5533
199,egfr_0452,0.5793,bronze,0.293,0.636,0.831,13.9,848.0,1.09,0.189,0.441,101,0.707,0.636,0.662,0.5367,0.174,0.441,0.315
200,egfr_0465,0.579,bronze,0.365,0.622,0.839,10.8,881.0,1.23,0.261,0.529,100,0.635,0.622,0.678,0.64,0.1905,0.529,0.435
201,egfr_0405,0.5787,bronze,0.316,0.633,0.831,14.2,800.0,1.55,0.267,0.521,63,0.684,0.633,0.662,0.5267,0.15,0.521,0.445
202,egfr_0499,0.5782,bronze,0.381,0.684,0.841,11.9,872.0,1.76,0.228,0.426,102,0.619,0.684,0.682,0.6033,0.186,0.426,0.38
203,egfr_0495,0.578,bronze,0.42,0.739,0.818,13.9,892.0,1.08,0.293,0.524,97,0.58,0.739,0.636,0.5367,0.196,0.524,0.4883
204,egfr_0112,0.578,bronze,0.386,0.697,0.812,13.6,1030.0,1.62,0.207,0.551,108,0.614,0.697,0.624,0.5467,0.265,0.551,0.345
205,egfr_0389,0.5764,bronze,0.398,0.697,0.881,13.3,704.0,1.52,0.187,0.515,59,0.602,0.697,0.762,0.5567,0.102,0.515,0.3117
206,egfr_0463,0.5764,bronze,0.287,0.66,0.79,12.4,664.0,0.8,0.223,0.5,103,0.713,0.66,0.58,0.5867,0.082,0.5,0.3717
207,egfr_0497,0.5763,bronze,0.4,0.771,0.788,12.3,740.0,1.53,0.288,0.443,105,0.6,0.771,0.576,0.59,0.12,0.443,0.48
208,egfr_0479,0.5762,bronze,0.287,0.614,0.789,10.8,872.0,1.38,0.181,0.488,102,0.713,0.614,0.578,0.64,0.186,0.488,0.3017
209,egfr_0409,0.5758,bronze,0.419,0.724,0.848,12.4,855.0,1.07,0.161,0.526,55,0.581,0.724,0.696,0.5867,0.1775,0.526,0.2683
210,egfr_0101,0.5757,bronze,0.326,0.666,0.805,12.3,878.0,1.45,0.177,0.457,107,0.674,0.666,0.61,0.59,0.189,0.457,0.295
211,egfr_0111,0.5754,bronze,0.324,0.67,0.76,9.7,885.0,2.06,0.187,0.493,107,0.676,0.67,0.52,0.6767,0.1925,0.493,0.3117
212,egfr_0079,0.5751,bronze,0.405,0.721,0.802,12.1,968.0,2.17,0.214,0.497,110,0.595,0.721,0.604,0.5967,0.234,0.497,0.3567
213,egfr_0088,0.5749,bronze,0.352,0.686,0.743,11.6,807.0,1.88,0.327,0.643,109,0.648,0.686,0.486,0.6133,0.1535,0.643,0.545
214,egfr_0478,0.5748,bronze,0.311,0.579,0.847,14.3,900.0,1.82,0.263,0.5,96,0.689,0.579,0.694,0.5233,0.2,0.5,0.4383
215,egfr_0476,0.5747,bronze,0.414,0.686,0.84,13.9,814.0,0.91,0.353,0.533,102,0.586,0.686,0.68,0.5367,0.157,0.533,0.5883
216,egfr_0383,0.5743,bronze,0.414,0.716,0.839,11.9,718.0,1.07,0.2,0.598,62,0.586,0.716,0.678,0.6033,0.109,0.598,0.3333
217,egfr_0460,0.5741,bronze,0.332,0.633,0.784,11.3,911.0,0.94,0.272,0.495,102,0.668,0.633,0.568,0.6233,0.2055,0.495,0.4533
218,egfr_0130,0.5741,bronze,0.451,0.724,0.793,12.2,1039.0,2.03,0.311,0.566,103,0.549,0.724,0.586,0.5933,0.2695,0.566,0.5183
219,egfr_0410,0.574,bronze,0.369,0.651,0.867,11.6,605.0,0.96,0.175,0.613,59,0.631,0.651,0.734,0.6133,0.0525,0.613,0.2917
220,egfr_0494,0.5736,bronze,0.415,0.72,0.831,12.9,764.0,1.71,0.284,0.499,97,0.585,0.72,0.662,0.57,0.132,0.499,0.4733
221,egfr_0496,0.5732,bronze,0.393,0.693,0.863,11.6,631.0,1.52,0.211,0.47,102,0.607,0.693,0.726,0.6133,0.0655,0.47,0.3517
222,egfr_0118,0.5709,bronze,0.449,0.722,0.843,13.8,950.0,1.89,0.224,0.54,100,0.551,0.722,0.686,0.54,0.225,0.54,0.3733
223,egfr_0105,0.5704,bronze,0.404,0.626,0.835,11.6,973.0,1.5,0.244,0.585,110,0.596,0.626,0.67,0.6133,0.2365,0.585,0.4067
224,egfr_0408,0.5701,bronze,0.381,0.665,0.82,10.3,831.0,1.74,0.156,0.538,61,0.619,0.665,0.64,0.6567,0.1655,0.538,0.26
225,egfr_0388,0.5698,bronze,0.36,0.691,0.805,12.1,648.0,1.0,0.268,0.484,62,0.64,0.691,0.61,0.5967,0.074,0.484,0.4467
226,egfr_0089,0.5693,bronze,0.374,0.645,0.828,13.3,890.0,1.82,0.243,0.529,101,0.626,0.645,0.656,0.5567,0.195,0.529,0.405
227,egfr_0481,0.5691,bronze,0.362,0.724,0.756,15.2,990.0,1.46,0.305,0.414,102,0.638,0.724,0.512,0.4933,0.245,0.414,0.5083
228,egfr_0492,0.5691,bronze,0.296,0.649,0.765,14.4,813.0,1.7,0.3,0.469,97,0.704,0.649,0.53,0.52,0.1565,0.469,0.5
229,egfr_0085,0.568,bronze,0.405,0.709,0.8,14.0,997.0,1.81,0.18,0.581,110,0.595,0.709,0.6,0.5333,0.2485,0.581,0.3
230,egfr_0466,0.5676,bronze,0.342,0.614,0.835,12.4,791.0,1.67,0.281,0.392,102,0.658,0.614,0.67,0.5867,0.1455,0.392,0.4683
231,egfr_0116,0.5662,bronze,0.438,0.691,0.853,13.8,780.0,1.09,0.273,0.564,102,0.562,0.691,0.706,0.54,0.14,0.564,0.455
232,egfr_0490,0.5662,bronze,0.358,0.649,0.827,15.8,937.0,1.54,0.266,0.438,105,0.642,0.649,0.654,0.4733,0.2185,0.438,0.4433
233,egfr_0401,0.5651,bronze,0.393,0.666,0.83,12.6,712.0,1.28,0.232,0.591,59,0.607,0.666,0.66,0.58,0.106,0.591,0.3867
234,egfr_0127,0.5637,bronze,0.416,0.707,0.799,15.1,984.0,2.13,0.234,0.574,108,0.584,0.707,0.598,0.4967,0.242,0.574,0.39
235,egfr_0102,0.5631,bronze,0.411,0.676,0.854,14.8,875.0,2.03,0.196,0.51,104,0.589,0.676,0.708,0.5067,0.1875,0.51,0.3267
236,egfr_0072,0.5631,bronze,0.345,0.597,0.82,11.8,944.0,1.46,0.159,0.505,109,0.655,0.597,0.64,0.6067,0.222,0.505,0.265
237,egfr_0464,0.5625,bronze,0.332,0.624,0.805,14.9,898.0,1.66,0.206,0.545,97,0.668,0.624,0.61,0.5033,0.199,0.545,0.3433
238,egfr_0485,0.562,bronze,0.304,0.591,0.766,11.7,960.0,1.91,0.246,0.424,95,0.696,0.591,0.532,0.61,0.23,0.424,0.41
239,egfr_0081,0.5614,bronze,0.429,0.669,0.852,13.5,891.0,2.17,0.193,0.533,101,0.571,0.669,0.704,0.55,0.1955,0.533,0.3217
240,egfr_0370,0.5601,bronze,0.428,0.716,0.82,9.2,578.0,1.61,0.187,0.493,54,0.572,0.716,0.64,0.6933,0.039,0.493,0.3117
241,egfr_0407,0.5595,bronze,0.434,0.723,0.895,16.8,594.0,1.51,0.236,0.442,54,0.566,0.723,0.79,0.44,0.047,0.442,0.3933
242,egfr_0110,0.5586,bronze,0.412,0.725,0.773,13.8,888.0,1.35,0.282,0.443,101,0.588,0.725,0.546,0.54,0.194,0.443,0.47
243,egfr_0086,0.558,bronze,0.436,0.689,0.788,12.3,915.0,1.94,0.28,0.541,108,0.564,0.689,0.576,0.59,0.2075,0.541,0.4667
244,egfr_0402,0.5578,bronze,0.388,0.662,0.811,13.4,780.0,1.49,0.163,0.649,63,0.612,0.662,0.622,0.5533,0.14,0.649,0.2717
245,egfr_0459,0.5575,bronze,0.389,0.628,0.811,11.0,880.0,1.47,0.215,0.473,102,0.611,0.628,0.622,0.6333,0.19,0.473,0.3583
246,egfr_0469,0.556,bronze,0.375,0.655,0.864,16.3,745.0,1.37,0.194,0.43,100,0.625,0.655,0.728,0.4567,0.1225,0.43,0.3233
247,egfr_0373,0.5559,bronze,0.283,0.537,0.858,14.6,660.0,1.35,0.203,0.457,56,0.717,0.537,0.716,0.5133,0.08,0.457,0.3383
248,egfr_0382,0.5556,bronze,0.445,0.627,0.853,12.4,843.0,1.31,0.235,0.621,57,0.555,0.627,0.706,0.5867,0.1715,0.621,0.3917
249,egfr_0379,0.5555,bronze,0.485,0.672,0.882,12.4,721.0,1.16,0.259,0.542,55,0.515,0.672,0.764,0.5867,0.1105,0.542,0.4317
250,egfr_0406,0.5539,bronze,0.421,0.671,0.798,12.1,737.0,1.35,0.27,0.581,59,0.579,0.671,0.596,0.5967,0.1185,0.581,0.45
251,egfr_0381,0.552,bronze,0.417,0.719,0.822,13.4,670.0,1.3,0.141,0.503,53,0.583,0.719,0.644,0.5533,0.085,0.503,0.235
252,egfr_0482,0.5504,bronze,0.397,0.669,0.781,13.8,969.0,1.42,0.211,0.458,104,0.603,0.669,0.562,0.54,0.2345,0.458,0.3517
253,egfr_0480,0.5499,bronze,0.403,0.618,0.811,12.3,970.0,1.87,0.2,0.476,104,0.597,0.618,0.622,0.59,0.235,0.476,0.3333
254,egfr_0396,0.5456,bronze,0.476,0.669,0.93,15.2,551.0,1.34,0.156,0.546,58,0.524,0.669,0.86,0.4933,0.0255,0.546,0.26
255,egfr_0391,0.5447,bronze,0.418,0.616,0.87,13.2,520.0,1.26,0.251,0.543,56,0.582,0.616,0.74,0.56,0.01,0.543,0.4183
256,egfr_0368,0.5446,bronze,0.49,0.686,0.827,10.3,756.0,1.31,0.234,0.48,63,0.51,0.686,0.654,0.6567,0.128,0.48,0.39
257,egfr_0387,0.5445,bronze,0.361,0.632,0.823,14.2,623.0,1.33,0.196,0.454,57,0.639,0.632,0.646,0.5267,0.0615,0.454,0.3267
258,egfr_0399,0.5416,bronze,0.422,0.637,0.839,9.9,533.0,1.5,0.147,0.528,63,0.578,0.637,0.678,0.67,0.0165,0.528,0.245
259,egfr_0398,0.5401,bronze,0.417,0.691,0.835,15.4,605.0,0.84,0.163,0.49,63,0.583,0.691,0.67,0.4867,0.0525,0.49,0.2717
260,egfr_0316,0.5399,bronze,0.446,0.429,0.96,16.6,1196.0,1.0,0.327,0.435,74,0.554,0.429,0.92,0.4467,0.348,0.435,0.545
261,egfr_0375,0.5386,bronze,0.435,0.594,0.868,13.3,734.0,1.47,0.25,0.441,55,0.565,0.594,0.736,0.5567,0.117,0.441,0.4167
262,egfr_0367,0.5348,bronze,0.433,0.611,0.866,13.9,691.0,1.5,0.185,0.471,63,0.567,0.611,0.732,0.5367,0.0955,0.471,0.3083
263,egfr_0376,0.5324,bronze,0.481,0.645,0.844,11.3,714.0,1.9,0.128,0.57,58,0.519,0.645,0.688,0.6233,0.107,0.57,0.2133
264,egfr_0454,0.5262,bronze,0.373,0.652,0.753,16.0,767.0,0.93,0.237,0.388,96,0.627,0.652,0.506,0.4667,0.1335,0.388,0.395
265,egfr_0056,0.5256,bronze,0.425,0.621,0.772,14.6,820.0,1.58,0.236,0.585,106,0.575,0.621,0.544,0.5133,0.16,0.585,0.3933
266,egfr_0231,0.5254,bronze,0.316,0.554,0.806,16.4,770.0,2.54,0.125,0.414,89,0.684,0.554,0.612,0.4533,0.135,0.414,0.2083
267,egfr_0290,0.5239,bronze,0.395,0.429,0.911,17.9,1014.0,1.22,0.255,0.492,80,0.605,0.429,0.822,0.4033,0.257,0.492,0.425
268,egfr_0361,0.5214,bronze,0.464,0.439,0.928,17.6,1121.0,0.96,0.254,0.578,78,0.536,0.439,0.856,0.4133,0.3105,0.578,0.4233
269,egfr_0223,0.5197,bronze,0.378,0.596,0.761,12.0,686.0,2.55,0.199,0.398,89,0.622,0.596,0.522,0.6,0.093,0.398,0.3317
270,egfr_0353,0.5167,bronze,0.446,0.38,0.92,18.3,1134.0,0.77,0.375,0.551,73,0.554,0.38,0.84,0.39,0.317,0.551,0.625
271,egfr_0394,0.5159,bronze,0.478,0.603,0.853,15.7,616.0,1.5,0.258,0.553,60,0.522,0.603,0.706,0.4767,0.058,0.553,0.43
272,egfr_0338,0.5151,bronze,0.44,0.473,0.885,17.9,976.0,0.73,0.248,0.571,81,0.56,0.473,0.77,0.4033,0.238,0.571,0.4133
273,egfr_0248,0.514,bronze,0.422,0.515,0.857,16.7,927.0,2.39,0.164,0.507,92,0.578,0.515,0.714,0.4433,0.2135,0.507,0.2733
274,egfr_0273,0.513,bronze,0.385,0.6,0.782,16.0,741.0,2.81,0.159,0.439,84,0.615,0.6,0.564,0.4667,0.1205,0.439,0.265
275,egfr_0313,0.5124,bronze,0.539,0.432,0.989,19.4,1152.0,1.14,0.261,0.595,78,0.461,0.432,0.978,0.3533,0.326,0.595,0.435
276,egfr_0282,0.5119,bronze,0.305,0.507,0.81,19.8,751.0,2.55,0.205,0.4,88,0.695,0.507,0.62,0.34,0.1255,0.4,0.3417
277,egfr_0259,0.5117,bronze,0.373,0.642,0.741,15.2,668.0,2.58,0.154,0.404,89,0.627,0.642,0.482,0.4933,0.084,0.404,0.2567
278,egfr_0215,0.5112,bronze,0.424,0.626,0.808,17.7,737.0,2.7,0.182,0.429,89,0.576,0.626,0.616,0.41,0.1185,0.429,0.3033
279,egfr_0354,0.5076,bronze,0.393,0.349,0.909,17.1,1013.0,0.9,0.281,0.469,75,0.607,0.349,0.818,0.43,0.2565,0.469,0.4683
280,egfr_0193,0.5055,bronze,0.39,0.569,0.775,15.0,710.0,2.7,0.19,0.428,88,0.61,0.569,0.55,0.5,0.105,0.428,0.3167
281,egfr_0220,0.5038,bronze,0.379,0.577,0.74,15.2,837.0,2.61,0.175,0.409,89,0.621,0.577,0.48,0.4933,0.1685,0.409,0.2917
282,egfr_0234,0.5033,bronze,0.358,0.529,0.787,18.1,728.0,2.75,0.231,0.44,92,0.642,0.529,0.574,0.3967,0.114,0.44,0.385
283,egfr_0249,0.5022,bronze,0.435,0.552,0.831,19.6,854.0,2.57,0.262,0.424,88,0.565,0.552,0.662,0.3467,0.177,0.424,0.4367
284,egfr_0345,0.4975,reject,0.415,0.377,0.898,20.1,1047.0,1.14,0.223,0.588,75,0.585,0.377,0.796,0.33,0.2735,0.588,0.3717
285,egfr_0326,0.4962,reject,0.475,0.359,0.952,17.9,1036.0,1.08,0.251,0.507,82,0.525,0.359,0.904,0.4033,0.268,0.507,0.4183
286,egfr_0260,0.496,reject,0.416,0.61,0.762,15.8,657.0,3.28,0.236,0.296,85,0.584,0.61,0.524,0.4733,0.0785,0.296,0.3933
287,egfr_0224,0.4952,reject,0.396,0.603,0.724,15.4,697.0,2.57,0.177,0.456,91,0.604,0.603,0.448,0.4867,0.0985,0.456,0.295
288,egfr_0309,0.4952,reject,0.489,0.485,0.857,18.3,1016.0,0.99,0.299,0.477,75,0.511,0.485,0.714,0.39,0.258,0.477,0.4983
289,egfr_0356,0.4943,reject,0.495,0.46,0.903,19.6,973.0,1.2,0.261,0.536,80,0.505,0.46,0.806,0.3467,0.2365,0.536,0.435
290,egfr_0261,0.4926,reject,0.429,0.615,0.735,15.3,794.0,3.07,0.116,0.474,93,0.571,0.615,0.47,0.49,0.147,0.474,0.1933
291,egfr_0254,0.492,reject,0.387,0.609,0.742,18.9,821.0,2.91,0.086,0.46,85,0.613,0.609,0.484,0.37,0.1605,0.46,0.1433
292,egfr_0304,0.4918,reject,0.455,0.373,0.858,18.1,1074.0,1.1,0.379,0.554,75,0.545,0.373,0.716,0.3967,0.287,0.554,0.6317
293,egfr_0325,0.4896,reject,0.451,0.401,0.858,17.9,1040.0,1.55,0.298,0.502,83,0.549,0.401,0.716,0.4033,0.27,0.502,0.4967
294,egfr_0298,0.4893,reject,0.467,0.362,0.907,19.3,1166.0,1.34,0.248,0.543,75,0.533,0.362,0.814,0.3567,0.333,0.543,0.4133
295,egfr_0302,0.4877,reject,0.428,0.412,0.846,21.2,1103.0,1.3,0.299,0.498,82,0.572,0.412,0.692,0.2933,0.3015,0.498,0.4983
296,egfr_0262,0.4872,reject,0.385,0.554,0.752,19.4,791.0,2.53,0.199,0.442,92,0.615,0.554,0.504,0.3533,0.1455,0.442,0.3317
297,egfr_0320,0.4869,reject,0.483,0.386,0.914,20.6,1075.0,0.61,0.297,0.525,80,0.517,0.386,0.828,0.3133,0.2875,0.525,0.495
298,egfr_0237,0.486,reject,0.405,0.592,0.73,18.7,633.0,2.77,0.265,0.482,90,0.595,0.592,0.46,0.3767,0.0665,0.482,0.4417
299,egfr_0336,0.4852,reject,0.508,0.375,0.872,15.6,1099.0,0.78,0.346,0.509,75,0.492,0.375,0.744,0.48,0.2995,0.509,0.5767
300,egfr_0351,0.4849,reject,0.463,0.39,0.886,22.2,1062.0,1.23,0.357,0.532,83,0.537,0.39,0.772,0.26,0.281,0.532,0.595
301,egfr_0213,0.4833,reject,0.373,0.515,0.786,21.0,899.0,2.46,0.129,0.398,93,0.627,0.515,0.572,0.3,0.1995,0.398,0.215
302,egfr_0227,0.4828,reject,0.362,0.472,0.773,16.5,872.0,2.97,0.08,0.425,83,0.638,0.472,0.546,0.45,0.186,0.425,0.1333
303,egfr_0194,0.4825,reject,0.405,0.533,0.783,19.6,727.0,2.85,0.227,0.419,90,0.595,0.533,0.566,0.3467,0.1135,0.419,0.3783
304,egfr_0225,0.482,reject,0.547,0.65,0.784,14.6,860.0,2.75,0.14,0.348,89,0.453,0.65,0.568,0.5133,0.18,0.348,0.2333
305,egfr_0212,0.4809,reject,0.418,0.557,0.768,18.3,675.0,2.86,0.182,0.475,87,0.582,0.557,0.536,0.39,0.0875,0.475,0.3033
306,egfr_0195,0.4809,reject,0.422,0.547,0.767,16.8,830.0,2.69,0.096,0.443,87,0.578,0.547,0.534,0.44,0.165,0.443,0.16
307,egfr_0201,0.4808,reject,0.402,0.557,0.793,16.9,627.0,2.72,0.105,0.31,93,0.598,0.557,0.586,0.4367,0.0635,0.31,0.175
308,egfr_0209,0.4805,reject,0.429,0.52,0.744,13.6,969.0,2.96,0.067,0.447,83,0.571,0.52,0.488,0.5467,0.2345,0.447,0.1117
309,egfr_0256,0.4798,reject,0.392,0.577,0.731,17.4,857.0,3.0,0.078,0.35,89,0.608,0.577,0.462,0.42,0.1785,0.35,0.13
310,egfr_0327,0.4796,reject,0.427,0.383,0.851,20.0,966.0,1.12,0.314,0.478,80,0.573,0.383,0.702,0.3333,0.233,0.478,0.5233
311,egfr_0329,0.4791,reject,0.461,0.385,0.845,17.2,1052.0,1.96,0.27,0.497,79,0.539,0.385,0.69,0.4267,0.276,0.497,0.45
312,egfr_0281,0.4789,reject,0.427,0.542,0.802,19.8,792.0,2.54,0.156,0.387,90,0.573,0.542,0.604,0.34,0.146,0.387,0.26
313,egfr_0322,0.4787,reject,0.474,0.424,0.868,19.2,1085.0,0.87,0.248,0.372,79,0.526,0.424,0.736,0.36,0.2925,0.372,0.4133
314,egfr_0286,0.4786,reject,0.585,0.33,0.999,16.9,1085.0,0.88,0.305,0.472,78,0.415,0.33,0.998,0.4367,0.2925,0.472,0.5083
315,egfr_0275,0.4778,reject,0.431,0.596,0.735,18.1,684.0,3.07,0.185,0.466,87,0.569,0.596,0.47,0.3967,0.092,0.466,0.3083
316,egfr_0294,0.4772,reject,0.48,0.359,0.913,20.8,1168.0,1.19,0.226,0.493,73,0.52,0.359,0.826,0.3067,0.334,0.493,0.3767
317,egfr_0280,0.4772,reject,0.368,0.514,0.752,18.0,763.0,3.04,0.162,0.337,90,0.632,0.514,0.504,0.4,0.1315,0.337,0.27
318,egfr_0205,0.4767,reject,0.469,0.544,0.802,16.2,749.0,2.59,0.169,0.365,91,0.531,0.544,0.604,0.46,0.1245,0.365,0.2817
319,egfr_0324,0.4766,reject,0.519,0.363,0.896,19.0,1211.0,1.2,0.286,0.533,79,0.481,0.363,0.792,0.3667,0.3555,0.533,0.4767
320,egfr_0343,0.476,reject,0.484,0.306,0.905,16.9,1153.0,1.1,0.254,0.515,79,0.516,0.306,0.81,0.4367,0.3265,0.515,0.4233
321,egfr_0243,0.4758,reject,0.433,0.555,0.69,14.0,875.0,2.57,0.211,0.406,89,0.567,0.555,0.38,0.5333,0.1875,0.406,0.3517
322,egfr_0332,0.4755,reject,0.523,0.346,0.873,18.7,1140.0,0.39,0.437,0.558,76,0.477,0.346,0.746,0.3767,0.32,0.558,0.7283
323,egfr_0199,0.4748,reject,0.453,0.615,0.742,16.3,653.0,2.91,0.121,0.418,91,0.547,0.615,0.484,0.4567,0.0765,0.418,0.2017
324,egfr_0331,0.4748,reject,0.49,0.343,0.902,18.5,1091.0,0.68,0.239,0.552,76,0.51,0.343,0.804,0.3833,0.2955,0.552,0.3983
325,egfr_0362,0.4746,reject,0.494,0.402,0.874,19.0,1095.0,1.54,0.275,0.416,78,0.506,0.402,0.748,0.3667,0.2975,0.416,0.4583
326,egfr_0216,0.4746,reject,0.406,0.446,0.802,15.3,698.0,2.4,0.195,0.383,86,0.594,0.446,0.604,0.49,0.099,0.383,0.325
327,egfr_0222,0.4736,reject,0.497,0.573,0.735,15.1,947.0,3.04,0.206,0.395,87,0.503,0.573,0.47,0.4967,0.2235,0.395,0.3433
328,egfr_0299,0.4726,reject,0.501,0.422,0.891,22.7,1035.0,0.76,0.291,0.496,83,0.499,0.422,0.782,0.2433,0.2675,0.496,0.485
329,egfr_0364,0.4723,reject,0.547,0.441,0.894,20.7,1082.0,1.02,0.259,0.526,78,0.453,0.441,0.788,0.31,0.291,0.526,0.4317
330,egfr_0342,0.4722,reject,0.551,0.441,0.943,21.7,916.0,0.52,0.243,0.513,76,0.449,0.441,0.886,0.2767,0.208,0.513,0.405
331,egfr_0352,0.4716,reject,0.561,0.392,0.905,18.1,1053.0,0.78,0.326,0.518,81,0.439,0.392,0.81,0.3967,0.2765,0.518,0.5433
332,egfr_0334,0.4711,reject,0.51,0.344,0.86,15.4,931.0,0.85,0.336,0.638,80,0.49,0.344,0.72,0.4867,0.2155,0.638,0.56
333,egfr_0270,0.471,reject,0.429,0.601,0.762,19.7,644.0,2.85,0.136,0.359,87,0.571,0.601,0.524,0.3433,0.072,0.359,0.2267
334,egfr_0285,0.4707,reject,0.518,0.671,0.736,20.0,865.0,2.69,0.224,0.346,85,0.482,0.671,0.472,0.3333,0.1825,0.346,0.3733
335,egfr_0357,0.4704,reject,0.507,0.346,0.874,17.5,1060.0,0.86,0.318,0.552,82,0.493,0.346,0.748,0.4167,0.28,0.552,0.53
336,egfr_0292,0.47,reject,0.498,0.351,0.916,19.6,1030.0,0.85,0.263,0.476,77,0.502,0.351,0.832,0.3467,0.265,0.476,0.4383
337,egfr_0340,0.47,reject,0.501,0.353,0.875,17.5,1152.0,0.58,0.251,0.487,78,0.499,0.353,0.75,0.4167,0.326,0.487,0.4183
338,egfr_0359,0.4699,reject,0.494,0.423,0.849,19.0,1098.0,1.27,0.224,0.449,79,0.506,0.423,0.698,0.3667,0.299,0.449,0.3733
339,egfr_0335,0.4697,reject,0.47,0.342,0.903,20.2,1034.0,0.96,0.236,0.506,82,0.53,0.342,0.806,0.3267,0.267,0.506,0.3933
340,egfr_0202,0.4688,reject,0.402,0.49,0.73,16.7,753.0,3.18,0.171,0.533,87,0.598,0.49,0.46,0.4433,0.1265,0.533,0.285
341,egfr_0348,0.4688,reject,0.496,0.39,0.891,20.6,878.0,0.75,0.307,0.539,79,0.504,0.39,0.782,0.3133,0.189,0.539,0.5117
342,egfr_0271,0.468,reject,0.526,0.572,0.786,17.8,889.0,3.14,0.224,0.365,91,0.474,0.572,0.572,0.4067,0.1945,0.365,0.3733
343,egfr_0310,0.4674,reject,0.499,0.373,0.833,18.6,1066.0,1.35,0.376,0.527,76,0.501,0.373,0.666,0.38,0.283,0.527,0.6267
344,egfr_0232,0.4674,reject,0.475,0.607,0.752,18.9,785.0,2.67,0.133,0.404,89,0.525,0.607,0.504,0.37,0.1425,0.404,0.2217
345,egfr_0198,0.4672,reject,0.379,0.513,0.729,16.9,654.0,2.5,0.165,0.376,93,0.621,0.513,0.458,0.4367,0.077,0.376,0.275
346,egfr_0297,0.4668,reject,0.494,0.349,0.865,18.3,1026.0,0.58,0.31,0.542,83,0.506,0.349,0.73,0.39,0.263,0.542,0.5167
347,egfr_0284,0.4665,reject,0.43,0.528,0.767,18.5,759.0,2.9,0.126,0.433,91,0.57,0.528,0.534,0.3833,0.1295,0.433,0.21
348,egfr_0230,0.4663,reject,0.399,0.543,0.742,20.0,613.0,2.53,0.184,0.467,91,0.601,0.543,0.484,0.3333,0.0565,0.467,0.3067
349,egfr_0236,0.466,reject,0.448,0.466,0.803,15.9,721.0,2.51,0.153,0.444,87,0.552,0.466,0.606,0.47,0.1105,0.444,0.255
350,egfr_0228,0.4659,reject,0.45,0.565,0.704,18.4,755.0,2.28,0.251,0.522,86,0.55,0.565,0.408,0.3867,0.1275,0.522,0.4183
351,egfr_0307,0.4657,reject,0.527,0.352,0.937,20.2,981.0,1.3,0.297,0.465,78,0.473,0.352,0.874,0.3267,0.2405,0.465,0.495
352,egfr_0191,0.4657,reject,0.506,0.568,0.793,15.5,628.0,2.87,0.18,0.357,87,0.494,0.568,0.586,0.4833,0.064,0.357,0.3
353,egfr_0347,0.4655,reject,0.553,0.44,0.9,20.8,1068.0,1.19,0.254,0.424,81,0.447,0.44,0.8,0.3067,0.284,0.424,0.4233
354,egfr_0250,0.4652,reject,0.484,0.553,0.796,20.4,849.0,2.18,0.13,0.461,92,0.516,0.553,0.592,0.32,0.1745,0.461,0.2167
355,egfr_0258,0.4651,reject,0.43,0.569,0.735,19.7,848.0,2.92,0.099,0.427,84,0.57,0.569,0.47,0.3433,0.174,0.427,0.165
356,egfr_0251,0.4647,reject,0.475,0.507,0.779,16.4,752.0,2.64,0.23,0.394,91,0.525,0.507,0.558,0.4533,0.126,0.394,0.3833
357,egfr_0274,0.4635,reject,0.371,0.508,0.713,17.1,766.0,2.94,0.122,0.349,93,0.629,0.508,0.426,0.43,0.133,0.349,0.2033
358,egfr_0295,0.4635,reject,0.469,0.263,0.932,19.8,1076.0,1.08,0.22,0.554,74,0.531,0.263,0.864,0.34,0.288,0.554,0.3667
359,egfr_0305,0.4628,reject,0.452,0.339,0.84,17.2,1034.0,0.9,0.254,0.423,76,0.548,0.339,0.68,0.4267,0.267,0.423,0.4233
360,egfr_0219,0.4628,reject,0.507,0.58,0.797,18.5,620.0,2.79,0.176,0.436,91,0.493,0.58,0.594,0.3833,0.06,0.436,0.2933
361,egfr_0268,0.4624,reject,0.465,0.632,0.693,16.4,768.0,3.09,0.077,0.417,91,0.535,0.632,0.386,0.4533,0.134,0.417,0.1283
362,egfr_0217,0.4621,reject,0.455,0.576,0.788,20.2,668.0,2.61,0.096,0.383,91,0.545,0.576,0.576,0.3267,0.084,0.383,0.16
363,egfr_0311,0.4617,reject,0.546,0.364,0.912,19.4,1076.0,0.98,0.306,0.425,83,0.454,0.364,0.824,0.3533,0.288,0.425,0.51
364,egfr_0323,0.4616,reject,0.425,0.344,0.882,26.1,1150.0,1.06,0.201,0.525,76,0.575,0.344,0.764,0.13,0.325,0.525,0.335
365,egfr_0263,0.4611,reject,0.481,0.549,0.751,17.0,716.0,2.09,0.172,0.487,84,0.519,0.549,0.502,0.4333,0.108,0.487,0.2867
366,egfr_0278,0.4606,reject,0.471,0.586,0.78,21.0,603.0,2.39,0.205,0.383,86,0.529,0.586,0.56,0.3,0.0515,0.383,0.3417
367,egfr_0293,0.4602,reject,0.539,0.376,0.941,21.5,1031.0,0.92,0.223,0.443,76,0.461,0.376,0.882,0.2833,0.2655,0.443,0.3717
368,egfr_0269,0.4599,reject,0.552,0.691,0.717,17.7,787.0,2.74,0.19,0.329,88,0.448,0.691,0.434,0.41,0.1435,0.329,0.3167
369,egfr_0333,0.4595,reject,0.373,0.285,0.818,23.0,1112.0,0.99,0.284,0.544,78,0.627,0.285,0.636,0.2333,0.306,0.544,0.4733
370,egfr_0283,0.4592,reject,0.464,0.534,0.763,16.8,776.0,2.61,0.144,0.324,92,0.536,0.534,0.526,0.44,0.138,0.324,0.24
371,egfr_0238,0.4587,reject,0.453,0.506,0.76,19.2,942.0,2.97,0.15,0.391,91,0.547,0.506,0.52,0.36,0.221,0.391,0.25
372,egfr_0211,0.4586,reject,0.358,0.481,0.728,19.4,673.0,2.52,0.171,0.383,91,0.642,0.481,0.456,0.3533,0.0865,0.383,0.285
373,egfr_0337,0.4585,reject,0.515,0.254,0.955,16.1,883.0,1.51,0.262,0.514,77,0.485,0.254,0.91,0.4633,0.1915,0.514,0.4367
374,egfr_0200,0.4581,reject,0.468,0.439,0.796,15.2,800.0,2.86,0.162,0.443,93,0.532,0.439,0.592,0.4933,0.15,0.443,0.27
375,egfr_0344,0.4578,reject,0.451,0.352,0.872,19.7,852.0,1.08,0.236,0.438,75,0.549,0.352,0.744,0.3433,0.176,0.438,0.3933
376,egfr_0312,0.4572,reject,0.461,0.371,0.835,21.6,1045.0,1.12,0.239,0.542,73,0.539,0.371,0.67,0.28,0.2725,0.542,0.3983
377,egfr_0252,0.4571,reject,0.449,0.504,0.774,18.3,871.0,2.99,0.099,0.356,88,0.551,0.504,0.548,0.39,0.1855,0.356,0.165
378,egfr_0226,0.4569,reject,0.467,0.516,0.732,18.8,898.0,2.62,0.219,0.459,89,0.533,0.516,0.464,0.3733,0.199,0.459,0.365
379,egfr_0253,0.4568,reject,0.489,0.557,0.796,17.4,603.0,3.36,0.081,0.431,93,0.511,0.557,0.592,0.42,0.0515,0.431,0.135
380,egfr_0303,0.4563,reject,0.536,0.366,0.904,20.2,1079.0,0.65,0.239,0.457,79,0.464,0.366,0.808,0.3267,0.2895,0.457,0.3983
381,egfr_0245,0.4561,reject,0.468,0.564,0.765,18.6,569.0,2.71,0.145,0.45,88,0.532,0.564,0.53,0.38,0.0345,0.45,0.2417
382,egfr_0196,0.4559,reject,0.401,0.517,0.704,17.4,645.0,2.67,0.195,0.405,84,0.599,0.517,0.408,0.42,0.0725,0.405,0.325
383,egfr_0257,0.4546,reject,0.502,0.554,0.762,14.3,458.0,2.46,0.153,0.461,93,0.498,0.554,0.524,0.5233,0.0,0.461,0.255
384,egfr_0339,0.4541,reject,0.46,0.242,0.897,18.6,997.0,0.9,0.253,0.572,75,0.54,0.242,0.794,0.38,0.2485,0.572,0.4217
385,egfr_0317,0.4541,reject,0.54,0.487,0.801,22.5,1105.0,0.97,0.277,0.515,76,0.46,0.487,0.602,0.25,0.3025,0.515,0.4617
386,egfr_0255,0.454,reject,0.447,0.506,0.753,17.6,716.0,3.06,0.147,0.426,85,0.553,0.506,0.506,0.4133,0.108,0.426,0.245
387,egfr_0328,0.452,reject,0.51,0.341,0.868,19.0,1021.0,1.3,0.263,0.494,77,0.49,0.341,0.736,0.3667,0.2605,0.494,0.4383
388,egfr_0233,0.4514,reject,0.513,0.537,0.77,18.6,792.0,3.21,0.236,0.355,84,0.487,0.537,0.54,0.38,0.146,0.355,0.3933
389,egfr_0272,0.4509,reject,0.464,0.576,0.656,15.6,762.0,3.1,0.179,0.466,89,0.536,0.576,0.312,0.48,0.131,0.466,0.2983
390,egfr_0207,0.4508,reject,0.486,0.576,0.69,18.0,918.0,3.39,0.179,0.396,93,0.514,0.576,0.38,0.4,0.209,0.396,0.2983
391,egfr_0301,0.4505,reject,0.476,0.351,0.836,20.0,779.0,0.85,0.396,0.49,75,0.524,0.351,0.672,0.3333,0.1395,0.49,0.66
392,egfr_0314,0.4502,reject,0.547,0.379,0.867,21.2,1085.0,0.52,0.282,0.548,80,0.453,0.379,0.734,0.2933,0.2925,0.548,0.47
393,egfr_0358,0.4492,reject,0.506,0.232,0.936,18.8,1116.0,1.15,0.235,0.49,79,0.494,0.232,0.872,0.3733,0.308,0.49,0.3917
394,egfr_0240,0.4492,reject,0.493,0.534,0.754,15.2,723.0,2.31,0.071,0.42,88,0.507,0.534,0.508,0.4933,0.1115,0.42,0.1183
395,egfr_0346,0.4492,reject,0.493,0.287,0.904,19.5,935.0,0.77,0.268,0.501,83,0.507,0.287,0.808,0.35,0.2175,0.501,0.4467
396,egfr_0197,0.4482,reject,0.516,0.542,0.769,14.4,741.0,2.74,0.021,0.421,92,0.484,0.542,0.538,0.52,0.1205,0.421,0.035
397,egfr_0206,0.4482,reject,0.441,0.524,0.71,15.7,757.0,3.25,0.08,0.386,83,0.559,0.524,0.42,0.4767,0.1285,0.386,0.1333
398,egfr_0355,0.4475,reject,0.59,0.334,0.919,21.5,1157.0,0.98,0.35,0.499,82,0.41,0.334,0.838,0.2833,0.3285,0.499,0.5833
399,egfr_0318,0.4473,reject,0.548,0.314,0.878,18.2,1092.0,0.98,0.302,0.515,79,0.452,0.314,0.756,0.3933,0.296,0.515,0.5033
400,egfr_0247,0.4472,reject,0.451,0.528,0.713,19.2,763.0,2.81,0.178,0.452,89,0.549,0.528,0.426,0.36,0.1315,0.452,0.2967
401,egfr_0246,0.4471,reject,0.504,0.536,0.753,20.6,692.0,3.34,0.285,0.475,93,0.496,0.536,0.506,0.3133,0.096,0.475,0.475
402,egfr_0296,0.4467,reject,0.538,0.379,0.878,21.9,1129.0,0.44,0.233,0.442,74,0.462,0.379,0.756,0.27,0.3145,0.442,0.3883
403,egfr_0242,0.4466,reject,0.52,0.525,0.754,15.4,790.0,2.62,0.148,0.393,91,0.48,0.525,0.508,0.4867,0.145,0.393,0.2467
404,egfr_0315,0.4455,reject,0.586,0.349,0.884,17.5,1066.0,0.84,0.29,0.495,81,0.414,0.349,0.768,0.4167,0.283,0.495,0.4833
405,egfr_0321,0.4454,reject,0.49,0.373,0.847,22.7,943.0,1.1,0.293,0.483,83,0.51,0.373,0.694,0.2433,0.2215,0.483,0.4883
406,egfr_0221,0.4447,reject,0.433,0.555,0.679,18.3,733.0,2.5,0.184,0.324,92,0.567,0.555,0.358,0.39,0.1165,0.324,0.3067
407,egfr_0308,0.4437,reject,0.561,0.412,0.88,24.1,1053.0,0.93,0.294,0.463,74,0.439,0.412,0.76,0.1967,0.2765,0.463,0.49
408,egfr_0365,0.4428,reject,0.526,0.297,0.876,19.2,1145.0,1.06,0.254,0.483,80,0.474,0.297,0.752,0.36,0.3225,0.483,0.4233
409,egfr_0330,0.4423,reject,0.509,0.304,0.846,19.4,1151.0,0.82,0.256,0.52,78,0.491,0.304,0.692,0.3533,0.3255,0.52,0.4267
410,egfr_0203,0.4423,reject,0.46,0.473,0.733,15.3,623.0,2.85,0.223,0.368,87,0.54,0.473,0.466,0.49,0.0615,0.368,0.3717
411,egfr_0277,0.4415,reject,0.426,0.563,0.731,18.4,649.0,2.45,0.019,0.23,91,0.574,0.563,0.462,0.3867,0.0745,0.23,0.0317
412,egfr_0363,0.4413,reject,0.526,0.296,0.909,21.5,996.0,0.99,0.341,0.417,73,0.474,0.296,0.818,0.2833,0.248,0.417,0.5683
413,egfr_0289,0.4393,reject,0.586,0.351,0.883,16.8,907.0,1.11,0.269,0.514,81,0.414,0.351,0.766,0.44,0.2035,0.514,0.4483
414,egfr_0300,0.4388,reject,0.524,0.326,0.87,19.2,938.0,1.27,0.299,0.413,76,0.476,0.326,0.74,0.36,0.219,0.413,0.4983
415,egfr_0276,0.4383,reject,0.508,0.517,0.734,16.0,754.0,2.95,0.131,0.42,89,0.492,0.517,0.468,0.4667,0.127,0.42,0.2183
416,egfr_0349,0.4381,reject,0.579,0.399,0.858,18.4,1106.0,1.12,0.191,0.395,80,0.421,0.399,0.716,0.3867,0.303,0.395,0.3183
417,egfr_0266,0.437,reject,0.423,0.463,0.676,15.0,808.0,2.94,0.135,0.374,92,0.577,0.463,0.352,0.5,0.154,0.374,0.225
418,egfr_0306,0.4369,reject,0.52,0.358,0.85,20.9,983.0,0.84,0.276,0.418,74,0.48,0.358,0.7,0.3033,0.2415,0.418,0.46
419,egfr_0241,0.4366,reject,0.489,0.62,0.661,17.8,612.0,2.69,0.162,0.405,84,0.511,0.62,0.322,0.4067,0.056,0.405,0.27
420,egfr_0291,0.4362,reject,0.525,0.247,0.891,19.4,916.0,0.59,0.395,0.512,75,0.475,0.247,0.782,0.3533,0.208,0.512,0.6583
421,egfr_0267,0.4329,reject,0.588,0.589,0.732,15.7,754.0,2.02,0.143,0.403,87,0.412,0.589,0.464,0.4767,0.127,0.403,0.2383
422,egfr_0210,0.4317,reject,0.5,0.549,0.656,17.6,972.0,2.64,0.155,0.395,92,0.5,0.549,0.312,0.4133,0.236,0.395,0.2583
423,egfr_0218,0.4314,reject,0.48,0.461,0.754,14.5,605.0,2.5,0.09,0.39,88,0.52,0.461,0.508,0.5167,0.0525,0.39,0.15
424,egfr_0360,0.4309,reject,0.602,0.375,0.876,21.3,1044.0,0.32,0.288,0.494,77,0.398,0.375,0.752,0.29,0.272,0.494,0.48
425,egfr_0235,0.4298,reject,0.44,0.487,0.67,18.0,625.0,3.45,0.267,0.411,84,0.56,0.487,0.34,0.4,0.0625,0.411,0.445
426,egfr_0239,0.4292,reject,0.51,0.524,0.73,18.1,703.0,3.06,0.179,0.349,93,0.49,0.524,0.46,0.3967,0.1015,0.349,0.2983
427,egfr_0192,0.4289,reject,0.438,0.466,0.723,19.0,691.0,2.72,0.132,0.394,91,0.562,0.466,0.446,0.3667,0.0955,0.394,0.22
428,egfr_0204,0.4284,reject,0.504,0.602,0.669,21.3,854.0,2.12,0.164,0.361,87,0.496,0.602,0.338,0.29,0.177,0.361,0.2733
429,egfr_0287,0.4276,reject,0.54,0.275,0.869,17.9,980.0,0.89,0.233,0.528,83,0.46,0.275,0.738,0.4033,0.24,0.528,0.3883
430,egfr_0350,0.4275,reject,0.524,0.314,0.853,21.4,1027.0,0.89,0.249,0.491,79,0.476,0.314,0.706,0.2867,0.2635,0.491,0.415
431,egfr_0244,0.4256,reject,0.511,0.555,0.733,22.9,932.0,2.86,0.108,0.32,85,0.489,0.555,0.466,0.2367,0.216,0.32,0.18
432,egfr_0214,0.4213,reject,0.567,0.63,0.657,18.2,848.0,2.81,0.113,0.413,88,0.433,0.63,0.314,0.3933,0.174,0.413,0.1883
433,egfr_0319,0.4194,reject,0.558,0.379,0.795,22.1,1056.0,1.23,0.244,0.582,78,0.442,0.379,0.59,0.2633,0.278,0.582,0.4067
434,egfr_0229,0.419,reject,0.483,0.476,0.727,20.0,709.0,2.57,0.141,0.426,93,0.517,0.476,0.454,0.3333,0.1045,0.426,0.235
435,egfr_0208,0.4117,reject,0.544,0.509,0.724,17.7,836.0,2.74,0.084,0.313,84,0.456,0.509,0.448,0.41,0.168,0.313,0.14
436,egfr_0265,0.4113,reject,0.587,0.619,0.71,17.8,525.0,2.77,0.128,0.342,88,0.413,0.619,0.42,0.4067,0.0125,0.342,0.2133
437,egfr_0341,0.4087,reject,0.615,0.288,0.899,22.5,1101.0,0.94,0.279,0.463,78,0.385,0.288,0.798,0.25,0.3005,0.463,0.465
438,egfr_0264,0.4071,reject,0.487,0.469,0.71,18.8,700.0,2.63,0.107,0.333,89,0.513,0.469,0.42,0.3733,0.1,0.333,0.1783
439,egfr_0288,0.4058,reject,0.524,0.268,0.835,21.9,980.0,0.42,0.224,0.516,82,0.476,0.268,0.67,0.27,0.24,0.516,0.3733
440,egfr_0279,0.4037,reject,0.501,0.432,0.703,17.4,709.0,2.51,0.181,0.351,84,0.499,0.432,0.406,0.42,0.1045,0.351,0.3017
441,egfr_0189,0.3726,reject,0.468,0.483,0.58,20.9,766.0,3.61,0.111,0.307,83,0.532,0.483,0.16,0.3033,0.133,0.307,0.185
442,egfr_0145,0.369,reject,0.493,0.448,0.579,18.2,744.0,4.02,0.176,0.299,82,0.507,0.448,0.158,0.3933,0.122,0.299,0.2933
443,egfr_0179,0.3458,reject,0.44,0.449,0.577,26.0,712.0,3.92,0.088,0.224,81,0.56,0.449,0.154,0.1333,0.106,0.224,0.1467
444,egfr_0168,0.3394,reject,0.526,0.488,0.544,21.7,688.0,4.0,0.163,0.227,81,0.474,0.488,0.088,0.2767,0.094,0.227,0.2717
445,egfr_0157,0.327,reject,0.523,0.439,0.529,22.2,776.0,3.51,0.186,0.203,81,0.477,0.439,0.058,0.26,0.138,0.203,0.31
446,egfr_0154,0.3222,reject,0.538,0.411,0.536,20.9,669.0,3.55,0.236,0.233,82,0.462,0.411,0.072,0.3033,0.0845,0.233,0.3933
447,egfr_0138,0.322,reject,0.533,0.44,0.591,24.9,618.0,3.59,0.104,0.26,85,0.467,0.44,0.182,0.17,0.059,0.26,0.1733
448,egfr_0148,0.3204,reject,0.547,0.477,0.543,24.4,772.0,3.71,0.048,0.322,76,0.453,0.477,0.086,0.1867,0.136,0.322,0.08
449,egfr_0190,0.3184,reject,0.479,0.441,0.503,23.0,533.0,4.01,0.104,0.346,75,0.521,0.441,0.006,0.2333,0.0165,0.346,0.1733
450,egfr_0186,0.3175,reject,0.49,0.43,0.507,21.5,652.0,3.85,0.047,0.301,78,0.51,0.43,0.014,0.2833,0.076,0.301,0.0783
451,egfr_0151,0.3155,reject,0.584,0.447,0.588,24.8,758.0,4.11,0.153,0.191,75,0.416,0.447,0.176,0.1733,0.129,0.191,0.255
452,egfr_0174,0.3147,reject,0.521,0.481,0.476,21.9,504.0,4.06,0.1,0.305,77,0.479,0.481,0.0,0.27,0.002,0.305,0.1667
453,egfr_0149,0.314,reject,0.562,0.465,0.539,19.5,530.0,3.31,0.095,0.204,83,0.438,0.465,0.078,0.35,0.015,0.204,0.1583
454,egfr_0142,0.3137,reject,0.528,0.441,0.472,20.4,542.0,3.65,0.15,0.305,75,0.472,0.441,0.0,0.32,0.021,0.305,0.25
455,egfr_0159,0.3128,reject,0.566,0.444,0.607,24.1,434.0,3.9,0.103,0.224,84,0.434,0.444,0.214,0.1967,0.0,0.224,0.1717
456,egfr_0187,0.3116,reject,0.565,0.443,0.543,21.7,712.0,3.78,0.032,0.33,83,0.435,0.443,0.086,0.2767,0.106,0.33,0.0533
457,egfr_0134,0.311,reject,0.612,0.431,0.584,21.8,627.0,3.55,0.143,0.32,81,0.388,0.431,0.168,0.2733,0.0635,0.32,0.2383
458,egfr_0135,0.3107,reject,0.602,0.464,0.506,20.7,711.0,3.33,0.189,0.324,75,0.398,0.464,0.012,0.31,0.1055,0.324,0.315
459,egfr_0169,0.3086,reject,0.563,0.447,0.506,21.2,643.0,3.57,0.146,0.306,81,0.437,0.447,0.012,0.2933,0.0715,0.306,0.2433
460,egfr_0136,0.3077,reject,0.529,0.442,0.551,23.8,528.0,3.93,0.074,0.248,81,0.471,0.442,0.102,0.2067,0.014,0.248,0.1233
461,egfr_0181,0.3067,reject,0.56,0.396,0.562,22.6,649.0,3.75,0.12,0.3,77,0.44,0.396,0.124,0.2467,0.0745,0.3,0.2
462,egfr_0137,0.306,reject,0.624,0.426,0.538,20.4,731.0,3.21,0.182,0.331,78,0.376,0.426,0.076,0.32,0.1155,0.331,0.3033
463,egfr_0140,0.3048,reject,0.579,0.451,0.559,25.8,839.0,4.14,0.061,0.24,84,0.421,0.451,0.118,0.14,0.1695,0.24,0.1017
464,egfr_0175,0.3024,reject,0.531,0.42,0.491,22.4,613.0,4.13,0.141,0.279,82,0.469,0.42,0.0,0.2533,0.0565,0.279,0.235
465,egfr_0170,0.3002,reject,0.506,0.364,0.486,22.5,749.0,4.01,0.076,0.344,81,0.494,0.364,0.0,0.25,0.1245,0.344,0.1267
466,egfr_0183,0.3001,reject,0.569,0.489,0.507,22.4,535.0,3.49,0.073,0.265,84,0.431,0.489,0.014,0.2533,0.0175,0.265,0.1217
467,egfr_0185,0.2996,reject,0.577,0.454,0.47,21.8,826.0,3.92,0.031,0.26,79,0.423,0.454,0.0,0.2733,0.163,0.26,0.0517
468,egfr_0184,0.2989,reject,0.567,0.353,0.548,20.8,631.0,3.74,0.169,0.3,84,0.433,0.353,0.096,0.3067,0.0655,0.3,0.2817
469,egfr_0139,0.2958,reject,0.625,0.459,0.551,22.0,594.0,3.25,0.115,0.246,77,0.375,0.459,0.102,0.2667,0.047,0.246,0.1917
470,egfr_0131,0.2958,reject,0.541,0.459,0.539,24.4,513.0,4.44,0.015,0.221,77,0.459,0.459,0.078,0.1867,0.0065,0.221,0.025
471,egfr_0156,0.2918,reject,0.516,0.341,0.502,22.7,731.0,3.32,0.081,0.363,79,0.484,0.341,0.004,0.2433,0.1155,0.363,0.135
472,egfr_0176,0.2915,reject,0.588,0.446,0.542,23.6,542.0,2.8,0.149,0.158,80,0.412,0.446,0.084,0.2133,0.021,0.158,0.2483
473,egfr_0188,0.2912,reject,0.539,0.403,0.489,23.3,621.0,3.94,0.088,0.328,84,0.461,0.403,0.0,0.2233,0.0605,0.328,0.1467
474,egfr_0141,0.2887,reject,0.583,0.366,0.566,21.8,528.0,3.48,0.146,0.227,77,0.417,0.366,0.132,0.2733,0.014,0.227,0.2433
475,egfr_0132,0.2865,reject,0.618,0.478,0.505,21.6,559.0,3.51,0.063,0.294,83,0.382,0.478,0.01,0.28,0.0295,0.294,0.105
476,egfr_0147,0.2863,reject,0.569,0.405,0.57,24.7,586.0,4.27,0.04,0.189,77,0.431,0.405,0.14,0.1767,0.043,0.189,0.0667
477,egfr_0143,0.285,reject,0.668,0.453,0.591,24.9,705.0,3.47,0.044,0.278,83,0.332,0.453,0.182,0.17,0.1025,0.278,0.0733
478,egfr_0161,0.2849,reject,0.582,0.445,0.524,25.8,594.0,3.72,0.13,0.23,83,0.418,0.445,0.048,0.14,0.047,0.23,0.2167
479,egfr_0171,0.2844,reject,0.607,0.467,0.459,24.1,737.0,3.58,0.034,0.308,75,0.393,0.467,0.0,0.1967,0.1185,0.308,0.0567
480,egfr_0178,0.2838,reject,0.596,0.363,0.539,23.9,734.0,4.21,0.163,0.29,80,0.404,0.363,0.078,0.2033,0.117,0.29,0.2717
481,egfr_0182,0.2828,reject,0.641,0.519,0.535,27.8,539.0,3.77,0.129,0.296,83,0.359,0.519,0.07,0.0733,0.0195,0.296,0.215
482,egfr_0146,0.2819,reject,0.512,0.41,0.461,26.4,489.0,4.14,0.093,0.265,85,0.488,0.41,0.0,0.12,0.0,0.265,0.155
483,egfr_0173,0.2806,reject,0.598,0.424,0.527,21.1,524.0,4.06,0.04,0.234,80,0.402,0.424,0.054,0.2967,0.012,0.234,0.0667
484,egfr_0152,0.2795,reject,0.526,0.333,0.48,21.2,656.0,3.96,0.075,0.214,77,0.474,0.333,0.0,0.2933,0.078,0.214,0.125
485,egfr_0180,0.276,reject,0.591,0.328,0.616,25.4,552.0,3.54,0.08,0.238,83,0.409,0.328,0.232,0.1533,0.026,0.238,0.1333
486,egfr_0153,0.2743,reject,0.577,0.405,0.478,25.4,755.0,3.72,0.101,0.193,78,0.423,0.405,0.0,0.1533,0.1275,0.193,0.1683
487,egfr_0150,0.2732,reject,0.642,0.461,0.512,23.0,531.0,4.49,0.054,0.351,78,0.358,0.461,0.024,0.2333,0.0155,0.351,0.09
488,egfr_0177,0.2727,reject,0.541,0.352,0.488,22.5,602.0,3.97,0.08,0.205,77,0.459,0.352,0.0,0.25,0.051,0.205,0.1333
489,egfr_0144,0.2724,reject,0.659,0.397,0.605,24.1,562.0,3.72,0.053,0.244,75,0.341,0.397,0.21,0.1967,0.031,0.244,0.0883
490,egfr_0133,0.2709,reject,0.62,0.455,0.508,25.9,472.0,3.84,0.148,0.294,84,0.38,0.455,0.016,0.1367,0.0,0.294,0.2467
491,egfr_0166,0.2698,reject,0.637,0.413,0.529,24.0,569.0,3.1,0.133,0.288,78,0.363,0.413,0.058,0.2,0.0345,0.288,0.2217
492,egfr_0167,0.2696,reject,0.613,0.391,0.505,24.9,665.0,3.49,0.17,0.296,79,0.387,0.391,0.01,0.17,0.0825,0.296,0.2833
493,egfr_0164,0.2663,reject,0.628,0.433,0.474,25.4,597.0,3.89,0.104,0.353,76,0.372,0.433,0.0,0.1533,0.0485,0.353,0.1733
494,egfr_0162,0.2656,reject,0.64,0.426,0.521,24.1,495.0,3.98,0.103,0.332,85,0.36,0.426,0.042,0.1967,0.0,0.332,0.1717
495,egfr_0172,0.2637,reject,0.643,0.452,0.473,25.7,514.0,3.13,0.143,0.333,82,0.357,0.452,0.0,0.1433,0.007,0.333,0.2383
496,egfr_0158,0.2633,reject,0.636,0.439,0.532,29.4,603.0,3.85,0.187,0.24,85,0.364,0.439,0.064,0.02,0.0515,0.24,0.3117
497,egfr_0165,0.2628,reject,0.591,0.339,0.514,23.5,444.0,3.64,0.139,0.357,82,0.409,0.339,0.028,0.2167,0.0,0.357,0.2317
498,egfr_0160,0.2611,reject,0.6,0.421,0.517,26.8,466.0,3.65,0.076,0.276,79,0.4,0.421,0.034,0.1067,0.0,0.276,0.1267
499,egfr_0163,0.2589,reject,0.55,0.367,0.457,26.8,451.0,3.66,0.09,0.28,82,0.45,0.367,0.0,0.1067,0.0,0.28,0.15
500,egfr_0155,0.2499,reject,0.591,0.334,0.478,23.0,655.0,3.97,0.02,0.218,75,0.409,0.334,0.0,0.2333,0.0775,0.218,0.0333
